{"CVN_J_pred":33.53939936519297,"N":20,"CVN_J":[40.674538500000004,42.03035645,31.183812850000002,32.5396308,42.03035645,43.3861744,32.5396308,33.89544875,40.674538500000004,39.31872055,35.2512667,33.89544875,36.607084650000004,29.8279949,31.183812850000002,31.183812850000002,47.45362825,48.809446200000004,52.87690005,51.5210821],"Kmat_MPa_m":[157.13468134746236,143.9485542413816,125.2682075077672,131.86127106080758,156.03583742195565,153.8381495709422,129.66358320979413,130.76242713530087,149.44277386891528,160.43121312398256,130.76242713530087,128.5647392842874,131.86127106080758,128.5647392842874,126.36705143327394,124.16936358226049,160.43121312398256,157.13468134746236,164.8265888260095,165.92543275151624]}