{"test_data":[141.0217162170898,158.41127694855956,130.27267956633062,140.957],"N":4,"epsilon":5}